{"cameraMode":{"drawMode":0,"name":"Shaded","section":"Shading Mode"},"sceneLighting":false,"audioPlay":false,"sceneViewState":{"showFog":true,"showMaterialUpdate":false,"showSkybox":false,"showFlares":true,"showImageEffects":true,"showParticleSystems":true},"in2DMode":false,"pivot":{"x":0.6158654689788818,"y":1.3028209209442139,"z":-0.010318666696548462},"rotation":{"x":-0.04289635270833969,"y":-0.20150136947631837,"z":0.008833443745970726,"w":-0.9785085916519165},"size":8.12315559387207,"orthographic":false}