{"cameraMode":{"drawMode":0,"name":"Shaded","section":"Shading Mode"},"sceneLighting":false,"audioPlay":false,"sceneViewState":{"showFog":true,"showMaterialUpdate":false,"showSkybox":true,"showFlares":true,"showImageEffects":true,"showParticleSystems":true},"in2DMode":false,"pivot":{"x":-5.364418029785156e-7,"y":0.32329797744750979,"z":1.1920928955078126e-7},"rotation":{"x":-0.04495322331786156,"y":-0.03745337575674057,"z":0.0016865351935848594,"w":-0.9982853531837463},"size":4.26773738861084,"orthographic":false}