{"cameraMode":{"drawMode":0,"name":"Shaded","section":"Shading Mode"},"sceneLighting":true,"audioPlay":false,"sceneViewState":{"showFog":true,"showMaterialUpdate":false,"showSkybox":true,"showFlares":true,"showImageEffects":true,"showParticleSystems":true},"in2DMode":false,"pivot":{"x":279.20001220703127,"y":63.94013977050781,"z":0.000003814697265625},"rotation":{"x":-0.3296319544315338,"y":0.5207366943359375,"z":-0.7538785338401794,"w":-0.2276911586523056},"size":54.480934143066409,"orthographic":false}